


<Ui xmlns="http://www.blizzard.com/wow/ui/"
 xmlns:xsi="http://www.w3.org/2001/XMLSchema-instance"
 xsi:schemaLocation="http://www.blizzard.com/wow/ui/ ..\FrameXML\UI.xsd">
   
	<Script file="LiveRoster.lua"/>
	
	
	<Button name="LiveRosterExtensionButtonTemplate" virtual="true">
		<Size>
			<AbsDimension x="450" y="20"/>
		</Size>
		<Layers>
			<Layer level="BACKGROUND">
				<Texture name="$parentStripe" setAllPoints="true" file="Interface\GuildFrame\GuildFrame" parentKey="stripe">
					<TexCoords left="0.36230469" right="0.38183594" top="0.95898438" bottom="0.99804688"/>
				</Texture>
				<!--<Texture name="$parentStripe2" setAllPoints="true" file="Interface\GuildFrame\GuildFrame" parentKey="stripe2">
					<TexCoords left="0.36230469" right="0.38183594" top="0.95898438" bottom="0.99804688"/>
				</Texture>-->
			</Layer>
			<Layer level="BORDER">
				<Texture name="$parentBarTexture" hidden="true" urgency="5" file="Interface\TargetingFrame\UI-StatusBar" parentKey="barTexture">
					<Size>
						<AbsDimension x="10" y="20"/>
					</Size>
					<Anchors>
						<Anchor point="LEFT" x="60" y="0"/>
					</Anchors>
					<Color r="0" g="1" b="0" a="0.1"/>
				</Texture>
			</Layer>
			<Layer level="OVERLAY">
				<Texture name="$parentIcon" file="Interface\Glues\CharacterCreate\UI-CharacterCreate-Classes" parentKey="icon">
					<Anchors>
						<Anchor point="LEFT" x="36" y="0"/>
					</Anchors>
					<Size>
						<AbsDimension x="16" y="16"/>
					</Size>
					<TexCoords left="0" right="0.25" top="0" bottom="0.25"/>
				</Texture>
				
			
				<FontString name="$parentLevel" justifyH="CENTER" justifyV="CENTER" inherits="GameFontHighlightSmall" text="100" wordwrap="false" hidden="false" parentKey="level">
					<Size>
						<AbsDimension x="32" y="20"/>
					</Size>
					
					<Anchors>
						<Anchor point="LEFT" relativeTo="$parent" x="4" y="0"/>
					</Anchors>
				</FontString>
				<FontString name="$parentClass" inherits="GameFontHighlightSmall" justifyV="CENTER" wordwrap="false" hidden="true" parentKey="string2">
					<Size>
						<AbsDimension x="32" y="20"/>
					</Size>
					<Anchors>
						<Anchor point="LEFT" relativeTo="$parent" x="25" y="0"/>
					</Anchors>
				</FontString>
				<FontString name="$parentString3" justifyH="LEFT" justifyV="CENTER" inherits="GameFontHighlightSmall" wordwrap="false" hidden="false" parentKey="string3">
					<Size>
						<AbsDimension x="81" y="20"/>
					</Size>
					<Anchors>
						<Anchor point="LEFT" relativeTo="$parent" x="64" y="0"/>
					</Anchors>
				</FontString>
				<FontString name="$parentString4" justifyH="LEFT" justifyV="CENTER" inherits="GameFontHighlightSmall" wordwrap="false" hidden="true" parentKey="string4">
					<Size>
						<AbsDimension x="76" y="20"/>
					</Size>
					<Anchors>
						<Anchor point="LEFT"  relativeTo="$parent" x="145" y="0"/>
					</Anchors>
				</FontString>
				<FontString name="$parentNote" justifyH="LEFT" justifyV="CENTER" inherits="GameFontHighlightSmall" wordwrap="false" hidden="true" parentKey="note">
					<Size>
						<AbsDimension x="76" y="20"/>
					</Size>
					<Anchors>
						<Anchor point="LEFT"  relativeTo="$parent" x="221" y="0"/>
					</Anchors>
				</FontString>
				<FontString name="$parentOfficerNote" justifyH="LEFT" justifyV="CENTER" inherits="GameFontHighlightSmall" wordwrap="false" hidden="true" parentKey="officernote">
					<Size>
						<AbsDimension x="76" y="20"/>
					</Size>
					<Anchors>
						<Anchor point="LEFT"  relativeTo="$parent" x="297" y="0"/>
					</Anchors>
				</FontString>
				<FontString name="$parentOffline" justifyH="LEFT" justifyV="CENTER" inherits="GameFontHighlightSmall" wordwrap="false" hidden="true" parentKey="offline">
					<Size>
						<AbsDimension x="76" y="20"/>
					</Size>
					<Anchors>
						<Anchor point="LEFT"  relativeTo="$parent" x="373" y="0"/>
					</Anchors>
				</FontString>
				
				
				
				<FontString name="$parentBarLabel" inherits="GameFontHighlightSmall" wordwrap="false" justifyH="RIGHT" hidden="true" parentKey="barLabel">
					<Size>
						<AbsDimension x="40" y="10"/>
					</Size>
					<Anchors>
						<Anchor point="LEFT" x="146" y="0"/>
					</Anchors>
				</FontString>
			</Layer>
		</Layers>

		<HighlightTexture urgency="5" file="Interface\FriendsFrame\UI-FriendsFrame-HighlightBar" alphaMode="ADD" setAllPoints="true"/>
		<Scripts>
			<OnLoad>
				self:RegisterForClicks("AnyUp");
			</OnLoad>
			<OnClick function="ExtensionButton_OnClick"/>
				
			
			<OnEnter>
				if ( self.online ) then
					GameTooltip_AddNewbieTip(self, GUILD_MEMBER_OPTIONS, 1.0, 1.0, 1.0, NEWBIE_TOOLTIP_GUILD_MEMBER_OPTIONS, 1);
				end
			</OnEnter>
			<OnLeave>
				GameTooltip:Hide();
			</OnLeave>
		</Scripts>
	</Button>	
	
	




	



<!-- Search box! ******************************************AutoCompleteEditBoxTemplate,SearchBoxTemplate,-->

<EditBox name="LiveRosterSearchBox" parent="GuildRosterFrame" autofocus="false" inherits="AutoCompleteEditBoxTemplate,InputBoxInstructionsTemplate" letters="40">
	<Size x="110" y="20"/>
			<Layers>
			<Layer level="OVERLAY">
				<Texture name="$parentSearchIcon" file="Interface\Common\UI-Searchbox-Icon" parentKey="searchIcon">
					<Size x="14" y="14"/>
					<Anchors>
						<Anchor point="LEFT" x="0" y="-2"/>
					</Anchors>
				</Texture>
			</Layer>
		</Layers>
	<Anchors>
		<Anchor point="TOPLEFT" relativeTo="GuildRosterFrame" relativePoint="TOPLEFT">
			<Offset>
				<AbsDimension x="55" y="-47"/>
			</Offset>
		</Anchor>
	</Anchors>
			<Layer level="OVERLAY">
				<Texture name="$parentSearchIcon" file="Interface\Common\UI-Searchbox-Icon" parentKey="searchIcon">
					<Size x="14" y="14"/>
					<Anchors>
						<Anchor point="LEFT" x="0" y="-2"/>
					</Anchors>
				</Texture>
			</Layer>
		<Frames>
			<Button name="$parentClearButton" parentKey="clearButton" hidden="true">
				<Size x="17" y="17"/>
				<Anchors>
					<Anchor point="RIGHT" x="-3" y="0"/>
				</Anchors>
				<Layers>
					<Layer level="ARTWORK">
						<Texture file="Interface\FriendsFrame\ClearBroadcastIcon" alpha="0.5" parentKey="texture">
							<Size>
								<AbsDimension x="17" y="17"/>
							</Size>
							<Anchors>
								<Anchor point="TOPLEFT" x="0" y="0"/>
							</Anchors>
						</Texture>
					</Layer>
				</Layers>
				<Scripts>
					<OnEnter>
						self.texture:SetAlpha(1.0);
					</OnEnter>
					<OnLeave>
						self.texture:SetAlpha(0.5);
					</OnLeave>
					<OnMouseDown>
						if self:IsEnabled() then
							self.texture:SetPoint("TOPLEFT", self, "TOPLEFT", 1, -1);
						end
					</OnMouseDown>
					<OnMouseUp>
						self.texture:SetPoint("TOPLEFT", self, "TOPLEFT", 0, 0);
					</OnMouseUp>
					<OnClick function="SearchBoxTemplateClearButton_OnClick"/>
				</Scripts>
			</Button>
		</Frames>	
	<FontString inherits="GameFontNormal"/>
		<Scripts>
			<OnTabPressed function="AutoCompleteEditBox_OnTabPressed"/>
			<OnTextChanged>
			AutoCompleteEditBox_OnTextChanged(self, userInput)
			SearchBoxTemplate_OnTextChanged(self, userInput)
			</OnTextChanged>
			<OnChar function="AutoCompleteEditBox_OnChar"/>
			<OnEditFocusLost>
				AutoCompleteEditBox_OnEditFocusLost(self)
				SearchBoxTemplate_OnEditFocusLost(self)
	
			</OnEditFocusLost>
			<OnArrowPressed function="AutoCompleteEditBox_OnArrowPressed"/>		
					<OnLoad>
					SearchBoxTemplate_OnLoad(self)
					</OnLoad>
					<OnEscapePressed>
						self:ClearFocus();
					</OnEscapePressed>
					<OnEnterPressed function="LR_SearchBox_OnEnterPressed" />
					<OnEditFocusGained>
						SearchBoxTemplate_OnEditFocusGained(self);
						PlaySound("UChatScrollButton");
					</OnEditFocusGained>
			<!--		<OnTextChanged function="LR_SearchBox_OnTextChanged"/>
					<OnLoad function="LR_SearchBox_OnLoad"/>
			
			
					<OnEditFocusLost function="LR_SearchBox_OnEditFocusLost"/>
					<OnEditFocusGained function="SearchBoxTemplate_OnEditFocusGained"/>-->
			
					
				</Scripts>
			</EditBox>


			<Button name="LiveRosterButtonTemplate"  inherits="UIPanelButtonTemplate" text="Template" virtual="true">
				<Size x="30" y="30"/>
		<Anchors>
			<Anchor point="TOPLEFT" >
				<Offset>
					<AbsDimension x="15" y="-88"/>
				</Offset>
			</Anchor>
		</Anchors>
				<Scripts>
					
						
					
					<OnEnter function="LiveRosterButton_OnEnter" />

					<OnLeave function="LiveRosterButton_OnLeave" />
					
					<!--
					 Use this stuff to fill out your own button
					 <OnLoad>
						self:SetText("|TInterface\\Icons\\Spell_Misc_EmotionSad:30|t");				
						if not CanGuildPromote() then
							self:Hide();
						end
						self.Tooltip = function(self) 	
							GameTooltip:AddLine("Tooltip goes here.", 0, 112/255, 221/255);
							GameTooltip:AddLine("Fill out a function called self.Tooltip for AddLines only.");
							end
						self:RegisterForClicks("AnyUp");
						self.Icon = "|TInterface\\Icons\\Spell_Misc_EmotionSad:30|t"
						self.ExpandedText="MybuttonText";
					</OnLoad>-->
				</Scripts>
	</Button>
<!-- Options Panel -->

	<Frame name="LiveRosterOptionsFrame">
        <Frames>
	<Button name="LiveRosterOptionsTest" inherits="UIPanelButtonTemplate" text="TestOptions">
				<Size x="30" y="30"/>
		<Anchors>
			<Anchor point="TOPLEFT" >
				<Offset>
					<AbsDimension x="4" y="-28"/>
				</Offset>
			</Anchor>
		</Anchors>
				<Scripts>
					<OnClick>
						LRE("Hello from options frame!", 1);
					</OnClick>
				</Scripts>
	</Button>
	</Frames>
        <Scripts>
            <OnLoad>
                LiveRosterOptions_OnLoad(self);
            </OnLoad>
        </Scripts>
    </Frame>
	
<!--
*********************************
Live Roster Frame
*********************************
-->
	
	
	<!-- enableMouse="true" -->
<!--inherits="UIPanelDialogTemplate"-->	
<Frame Name="LiveRosterFrame" parent="GuildRosterFrame" FrameStrata="BACKGROUND"  enableMouse="true"  toplevel="true" hidden="true">
		<Frames>
	<Button name="LiveRosterPromotionNext" inherits="UIPanelButtonTemplate" text="Player Promotions">
				<Size x="30" y="30"/>
		<Anchors>
			<Anchor point="TOPLEFT" >
				<Offset>
					<AbsDimension x="4" y="-28"/>
				</Offset>
			</Anchor>
		</Anchors>
				<Scripts>
					<OnClick function="LiveRoster_NextPromotion" />
						
					
					<OnEnter function="LiveRoster_NextPromotion_OnEnter" />
					
					<OnLeave>
						self:SetWidth(30);
						--LiveRosterFrame:SetWidth(80);
						self:SetText("|TInterface\\Icons\\Spell_Misc_EmotionHappy:30|t");
						GameTooltip:Hide();
						--LiveRosterFramePictureBox:SetWidth(170);
						
					</OnLeave>					
					<OnLoad>
						self:SetText("|TInterface\\Icons\\Spell_Misc_EmotionHappy:30|t");				
						--self:SetPoint("TOPLEFT",LiveRosterFrame , "TOPLEFT", 50, -30);
						if not CanGuildPromote() then
							self:Hide();
						end
						self:RegisterForClicks("AnyUp");
						
					</OnLoad>
				</Scripts>
	</Button>
		<Button name="LiveRosterPromotionAlts" inherits="UIPanelButtonTemplate" text="empty">
				<Size x="30" y="30"/>
		<Anchors>
			<Anchor point="TOPLEFT">
				<Offset>
					<AbsDimension x="4" y="-58"/>
				</Offset>
			</Anchor>
		</Anchors>
				<Scripts>
					<OnClick function="LiveRoster_AltPromotion" />
						
					
					<OnEnter>
						self:SetWidth(190);
						self:SetText(LR_ALTBUTTONTEXT);
						GameTooltip:SetOwner(self, "ANCHOR_RIGHT");
						GameTooltip:AddLine("Cycle alt character promotions.", 0, 112/255, 221/255);
						GameTooltip:AddLine(" Click/Right click for Next/Previous character.");
						GameTooltip:AddLine(" To promote as suggested, use Middle click.");
						--LiveRosterFramePictureBox:SetTexture("Interface\\Calendar\\MeetingIcon");
						
						
						GameTooltip:Show();
						
					</OnEnter>
					<OnLeave>
						GameTooltip:Hide();
						self:SetWidth(30);
						self:SetText("|TInterface\\Icons\\misc_arrowlup:30|t");
					</OnLeave>					
					<OnLoad>
						self:SetText("|TInterface\\Icons\\misc_arrowlup:30|t");	
						if not CanGuildPromote() then
							self:Hide();
						end
						self:RegisterForClicks("AnyUp");
					</OnLoad>
				</Scripts>
	</Button>
			<Button name="LiveRosterDemotionNext"  inherits="UIPanelButtonTemplate" text="Innactivity Demotions">
				<Size x="30" y="30"/>
		<Anchors>
			<Anchor point="TOPLEFT" >
				<Offset>
					<AbsDimension x="4" y="-88"/>
				</Offset>
			</Anchor>
		</Anchors>
				<Scripts>
					<OnClick function="LiveRoster_NextDemotion" />
						
					
					<OnEnter>
						self:SetWidth(190);
						self:SetText("Innactivity Demotions");					
						--LiveRosterFramePictureBox:SetTexture("Interface\\Calendar\\UI-Calendar-Event-Other");
						--LiveRosterFramePictureBox:SetTexCoord(0,1,0,0.6);
						GameTooltip:SetOwner(self, "ANCHOR_RIGHT");
						GameTooltip:AddLine("Cycle main character demotions for innactivity.", 0, 112/255, 221/255);
						GameTooltip:AddLine(" Click/Right click for Next/Previous player.");
						
						GameTooltip:Show();
					</OnEnter>
					<OnLeave>
						self:SetWidth(30);
						--LiveRosterFrame:SetWidth(80);
						self:SetText("|TInterface\\Icons\\Spell_Misc_EmotionSad:30|t");
						--LiveRosterFramePictureBox:SetTexCoords(0,1,0,1);
						
						GameTooltip:Hide();
					</OnLeave>					
					<OnLoad>
						self:SetText("|TInterface\\Icons\\Spell_Misc_EmotionSad:30|t");				
						if not CanGuildPromote() then
							self:Hide();
						end
						self:RegisterForClicks("LeftButtonUp", "RightButtonUp");
					</OnLoad>
				</Scripts>
	</Button>
		<Button name="LiveRosterAddMemberButton" inherits="UIPanelButtonTemplate" text="Invite New Player">
				<Size x="30" y="30"/>
		<Anchors>
			<Anchor point="TOPLEFT">
				<Offset>
					<AbsDimension x="4" y="-118"/>
				</Offset>
			</Anchor>
		</Anchors>
				<Scripts>
					<OnClick>
						if LiveRoster_InvitedToon then
							LRE("Pending invite for "..LiveRoster_InvitedToon);
						else
							if ( StaticPopup_FindVisible("LR_SMART_ADD_GUILDMEMBER") ) then
								StaticPopup_Hide("LR_SMART_ADD_GUILDMEMBER");
							else
								StaticPopup_Show("LR_SMART_ADD_GUILDMEMBER");
							end
						end
					</OnClick>
					<OnEnter>
						self:SetWidth(190);
						self:SetText("Invite New Player");	
						GameTooltip:SetOwner(self, "ANCHOR_RIGHT");
						GameTooltip:AddLine("Invite a new player to the guild.", 0, 112/255, 221/255);
						GameTooltip:AddLine(" To add an alt to a current guildy, first select");
						GameTooltip:AddLine("their main in the guild roster, then invite");
						GameTooltip:AddLine("the character from their player summary.");
						GameTooltip:Show();
						--LiveRosterFramePictureBox:SetTexture("Interface\\Calendar\\Holidays\\Calendar_BrewfestStart");
						
						
					</OnEnter>
					<OnLeave>
						self:SetWidth(30);
						self:SetText("|TInterface\\Icons\\INV_Misc_GroupNeedMore:30|t");
						GameTooltip:Hide();
						
					</OnLeave>		
					<OnLoad>
						--self:SetScale(UIParent:GetScale()); -- I have no idea...
						self:SetText("|TInterface\\Icons\\INV_Misc_GroupNeedMore:30|t");	
						if not CanGuildInvite() then
							self:Hide();
						end
					</OnLoad>
				</Scripts>
	</Button>
			<Button name="LiveRosterTitleButton">
				
				<Size x="32" y="20"/>
				<Anchors><Anchor point="TOPLEFT"/></Anchors>
				<Scripts>
					<OnLoad>
						self:SetText("text?");
				
					</OnLoad>
				</Scripts>
			</Button>			
		</Frames>
		<TitleRegion>
			<Size x="32" y="20"/>
			<Anchors><Anchor point="TOPLEFT"/></Anchors>
				
		</TitleRegion>
		<Scripts>
			<OnLoad function="LiveRosterFrame_Onload" />
			

			<OnEvent function="LiveRoster_OnEvent" />
			<OnClick>
				LiveRosterFrameTitleFontstring:SetText("Live Roster Console"..self:GetLeft()..", "..self:GetTop())
			</OnClick>

		</Scripts>
		<Size x="45" y="166"/>
		<Anchors>
			<Anchor point="TOPLEFT" relativeTo="GuildRosterFrame" relativePoint="TOPRIGHT"/>
			<Offset>
				<AbsDimension x="20" y="-250"/>
			</Offset>
		
		</Anchors>
		<Layers>
			<Layer level="OVERLAY">
				<FontString text="Bob">
					<Size x="100" y="100"/>
						<Anchors>
							<Anchor point="TOP"/>
						</Anchors>
				</FontString>
		
				
			</Layer>
		</Layers>

	</Frame>	
</Ui>
	